Player,Pos,Team,GP,GS,Comp,Inc,Yds,TD,Int,Sks,1st,Att,Yds,TD,1st,Tgt,Rec,Yds,TD,1st,Yds,TD,2PT,Total,Lost,Fan Pts,PPG
A. Rodgers,QB, GB,16,,401,209,4428,40,7,35,222,67,369,4,25,0,0,0,0,0,0,0,1,8,4,0,0.0
T. Brady,QB, NE,12,,291,141,3554,28,2,15,163,28,64,0,10,0,0,0,0,0,0,0,0,5,0,0,0.0
D. Brees,QB, NO,16,,471,202,5208,37,15,27,264,23,20,2,7,0,0,0,0,0,0,0,0,5,4,0,0.0
A. Luck,QB,Ind,15,,346,199,4240,31,13,41,206,64,341,2,20,0,0,0,0,0,0,0,2,6,5,0,0.0
M. Ryan,QB,Atl,16,,373,161,4944,38,7,37,238,35,117,0,13,0,0,0,0,0,0,0,2,4,2,0,0.0
R. Wilson,QB,Sea,16,,353,193,4219,21,11,41,193,72,259,1,16,2,2,14,1,1,0,0,1,8,2,0,0.0
K. Cousins,QB,Was,16,,406,200,4917,25,12,23,225,34,96,4,14,0,0,0,0,0,0,0,0,9,3,0,0.0
M. Stafford,QB,Det,16,,388,206,4327,24,10,37,217,37,207,2,15,0,0,0,0,0,0,0,1,3,2,0,0.0
D. Prescott,QB,Dal,16,,311,148,3667,23,4,25,182,57,282,6,21,0,0,0,0,0,0,0,0,9,4,0,0.0
C. Newton,QB,Car,15,,270,240,3509,19,14,36,172,90,359,5,28,0,0,0,0,0,0,0,2,3,2,0,0.0
M. Mariota,QB,Ten,15,,276,175,3426,26,9,23,158,60,349,2,19,1,0,0,0,0,0,0,0,9,5,0,0.0
J. Winston,QB,Buf,16,,345,222,4090,28,18,35,214,53,165,1,10,0,0,0,0,0,0,0,3,10,6,0,0.0
A. Dalton,QB, TB,16,,364,199,4206,18,8,41,204,46,184,4,17,0,0,0,0,0,0,0,0,9,3,0,0.0
T. Taylor,QB,Cin,15,,269,167,3023,17,6,42,147,95,580,6,31,0,0,0,0,0,0,0,2,4,2,0,0.0
B. Bortles,QB,Jax,16,,368,257,3905,23,16,34,206,58,359,3,20,1,1,20,1,1,0,0,2,8,6,0,0.0
D. Carr,QB,Oak,15,,357,203,3937,28,6,16,189,39,70,0,5,0,0,0,0,0,0,0,5,5,3,0,0.0
J. Flacco,QB,Bal,16,,436,236,4317,20,15,33,204,21,58,2,6,0,0,0,0,0,0,0,4,5,3,0,0.0
D. Johnson,RB,Ari,16,,0,0,0,0,0,0,0,293,1239,16,72,120,80,879,4,42,0,0,1,5,3,0,0.0
C. Wentz,QB,Phi,16,,379,228,3782,16,14,33,191,46,150,2,15,1,1,7,0,0,0,0,2,14,3,0,0.0
E. Manning,QB,NYG,16,,377,221,4027,26,16,21,190,21,-9,0,2,0,0,0,0,0,0,0,0,7,4,0,0.0
P. Rivers,QB,LAC,16,,349,229,4386,33,21,36,214,14,35,0,2,0,0,0,0,0,0,0,0,9,5,0,0.0
B. Roethlisberger,QB,Pit,14,,328,181,3819,29,13,17,184,16,14,1,3,0,0,0,0,0,0,0,3,8,2,0,0.0
L. Bell,RB,Pit,12,,0,1,0,0,0,0,0,261,1268,7,69,94,75,616,2,31,0,0,1,4,1,0,0.0
C. Palmer,QB,Ari,15,,364,233,4233,26,14,40,218,14,38,0,3,0,0,0,0,0,0,0,1,14,4,0,0.0
S. Bradford,QB,Min,15,,395,157,3877,20,5,37,197,20,53,0,3,1,1,5,0,0,0,0,0,10,5,0,0.0
A. Smith,QB, KC,15,,328,161,3502,15,8,28,181,48,134,5,9,1,1,3,0,0,0,0,2,7,4,0,0.0
M. Glennon,QB,Chi,2,,10,1,75,1,0,0,6,0,0,0,0,0,0,0,0,0,0,0,1,0,0,0,0.0
J. Ajayi,RB,Mia,15,,0,0,0,0,0,0,0,260,1272,8,60,35,27,151,0,8,0,0,0,4,1,0,0.0
M. Gordon,RB,LAC,13,,0,0,0,0,0,0,0,254,997,10,61,57,41,419,2,21,0,0,0,2,2,0,0.0
D. Watson,QB,Hou,-,,-,-,-,-,-,-,-,-,-,-,-,-,-,-,-,-,-,-,-,-,-,0,-
C. Kessler,RB,Ten,9,,128,67,1380,6,2,21,67,11,18,0,1,0,0,0,0,0,0,0,1,4,1,0,0.0
D. Murray,RB,Chi,16,,1,1,10,1,0,0,1,293,1287,9,64,67,53,377,3,20,0,0,0,3,1,0,0.0
J. Howard,RB,Jax,15,,0,0,0,0,0,0,0,252,1313,6,70,50,29,298,1,12,0,0,0,2,1,0,0.0
T. Gurley,RB,LAR,16,,0,0,0,0,0,0,0,278,885,6,48,58,43,327,0,15,0,0,0,2,1,0,0.0
L. Fournette,RB,Atl,-,,-,-,-,-,-,-,-,-,-,-,-,-,-,-,-,-,-,-,-,-,-,0,-
D. Freeman,RB,Buf,16,,0,0,0,0,0,0,0,227,1079,11,61,65,54,462,2,22,0,0,0,1,1,0,0.0
L. McCoy,QB,LAR,15,,0,0,0,0,0,0,0,234,1267,13,55,57,50,356,1,18,0,0,1,3,0,0,0.0
B. Hoyer,RB, SF,6,,134,66,1445,6,0,4,75,7,-2,0,0,0,0,0,0,0,0,0,0,3,1,0,0.0
C. Hyde,RB,NYG,13,,0,0,0,0,0,0,0,217,988,6,48,33,27,163,3,7,0,0,1,5,3,0,0.0
P. Perkins,RB,Hou,14,,0,0,0,0,0,0,0,112,456,0,22,24,15,162,0,6,0,0,0,1,0,0,0.0
L. Miller,RB,Dal,14,,0,0,0,0,0,0,0,268,1073,5,52,39,31,188,1,9,0,0,0,2,1,0,0.0
J. Goff,RB,Oak,7,,112,93,1089,5,7,26,47,8,16,1,1,0,0,0,0,0,0,0,0,5,2,0,0.0
E. Elliott,RB,Cle,15,,0,0,0,0,0,0,0,322,1631,15,91,40,32,363,1,11,0,0,0,5,1,0,0.0
M. Lynch,QB, SF,-,,-,-,-,-,-,-,-,-,-,-,-,-,-,-,-,-,-,-,-,-,-,0,-
I. Crowell,RB,NYJ,16,,0,0,0,0,0,0,0,198,952,7,45,53,40,319,0,14,0,0,0,2,2,0,0.0
S. Ware,RB, KC,14,,0,0,0,0,0,0,0,214,921,3,47,42,33,447,2,17,0,0,0,4,3,0,0.0
B. Powell,RB,Den,16,,0,0,0,0,0,0,0,131,722,3,45,75,58,388,2,22,0,0,0,1,1,0,0.0
E. Lacy,RB, NO,5,,0,0,0,0,0,0,0,71,360,0,15,7,4,28,0,1,0,0,0,0,0,0,0.0
M. Ingram,RB, NO,16,,0,0,0,0,0,0,0,205,1043,6,49,58,46,319,4,18,0,0,2,2,2,0,0.0
C. Anderson,RB,Atl,7,,0,0,0,0,0,0,0,110,437,4,22,24,16,128,1,6,0,0,0,0,0,0,0.0
M. Gillislee,RB, GB,15,,0,0,0,0,0,0,0,101,577,8,39,11,9,50,1,1,19,0,0,0,0,0,0.0
A. Peterson,RB, NE,3,,0,0,0,0,0,0,0,37,72,0,3,6,3,8,0,0,0,0,0,1,1,0,0.0
D. Cook,QB,Mia,-,,-,-,-,-,-,-,-,-,-,-,-,-,-,-,-,-,-,-,-,-,-,0,-
T. Coleman,RB,Min,13,,0,0,0,0,0,0,0,118,520,8,24,40,31,421,3,16,0,0,0,1,0,0,0.0
T. Montgomery,RB,Car,15,,0,0,0,0,0,0,0,77,457,3,20,56,44,348,0,19,366,0,0,2,1,0,0.0
C. McCaffrey,RB,Cin,-,,-,-,-,-,-,-,-,-,-,-,-,-,-,-,-,-,-,-,-,-,-,0,-
J. Mixon,QB,Den,-,,-,-,-,-,-,-,-,-,-,-,-,-,-,-,-,-,-,-,-,-,-,0,-
S. Perine,RB,Phi,-,,-,-,-,-,-,-,-,-,-,-,-,-,-,-,-,-,-,-,-,-,-,0,-
L. Blount,RB,Was,16,,0,0,0,0,0,0,0,299,1161,18,67,8,7,38,0,1,0,0,0,2,1,0,0.0
T. Siemian,RB, TB,14,,289,197,3401,18,10,31,155,28,57,0,6,0,0,0,0,0,0,0,1,4,2,0,0.0
D. Martin,QB,Cle,8,,0,0,0,0,0,0,0,144,421,3,23,16,14,134,0,4,0,0,0,1,1,0,0.0
F. Gore,RB,Ind,16,,0,0,0,0,0,0,0,263,1025,4,50,47,38,277,4,14,0,0,0,2,1,0,0.0
A. Abdullah,RB,Det,2,,0,0,0,0,0,0,0,18,101,0,6,5,5,57,1,4,0,0,0,0,0,0,0.0
L. Murray,RB,Was,14,,0,0,0,0,0,0,0,195,788,12,52,43,33,264,0,11,0,0,0,2,1,0,0.0
D. Johnson Jr.,RB,Cle,16,,0,1,0,0,0,0,0,73,358,1,17,74,53,514,0,24,131,0,0,2,1,0,0.0
R. Kelley,RB,Bal,15,,0,0,0,0,0,0,0,168,704,6,29,18,12,82,1,6,0,0,0,0,0,0,0.0
T. West,RB,Sea,16,,0,0,0,0,0,0,0,193,774,5,35,45,34,236,1,11,0,0,0,2,0,0,0.0
J. Stewart,RB,Car,13,,0,0,0,0,0,0,0,218,824,9,47,21,8,60,0,1,0,0,0,3,2,0,0.0
M. Forte,RB,NYJ,14,,0,0,0,0,0,0,0,218,813,7,35,43,30,263,1,10,0,0,0,1,1,0,0.0
D. Henry,RB,Ten,15,,0,0,0,0,0,0,0,110,490,5,29,15,13,137,0,6,0,0,0,0,0,0,0.0
J. Jones,RB,Sea,14,,0,0,0,0,0,0,0,0,0,0,0,129,83,1409,6,64,0,0,0,0,0,0,0.0
O. Beckham Jr.,WR,NYG,16,,0,0,0,0,0,1,0,1,9,0,0,169,101,1367,10,65,66,0,0,2,1,0,0.0
A. Brown,WR,Atl,15,,0,0,0,0,0,0,0,3,9,0,1,154,106,1284,12,64,163,0,0,0,0,0,0.0
J. Hill,WR,Pit,15,,0,0,0,0,0,0,0,222,839,9,42,27,21,174,0,6,0,0,0,0,0,0,0.0
M. Evans,RB,Min,16,,0,0,0,0,0,0,0,0,0,0,0,173,96,1321,12,81,0,0,2,0,0,0,0.0
D. Bryant,RB,Cin,13,,1,0,10,1,0,0,1,0,0,0,0,96,50,796,8,38,0,0,0,1,1,0,0.0
A. Green,WR, TB,10,,0,0,0,0,0,0,0,0,0,0,0,100,66,964,4,41,0,0,0,0,0,0,0.0
T. Hill,WR,Dal,16,,0,0,0,0,0,0,0,24,267,3,10,83,61,593,6,31,976,3,0,1,1,0,0.0
J. Nelson,WR,Cin,16,,0,0,0,0,0,0,0,0,0,0,0,152,97,1257,14,62,0,0,0,1,1,0,0.0
J. Richard,WR, KC,16,,0,0,0,0,0,0,0,83,491,1,14,39,29,194,2,8,708,0,0,0,0,0,0.0
J. Williams,WR, GB,-,,-,-,-,-,-,-,-,-,-,-,-,-,-,-,-,-,-,-,-,-,-,0,-
T. Austin,RB,Oak,15,,0,0,0,0,0,0,0,28,159,1,7,106,58,509,3,25,369,0,0,2,1,0,0.0
T. Hilton,RB, GB,16,,0,0,0,0,0,0,0,0,0,0,0,155,91,1448,6,66,10,0,1,0,0,0,0.0
G. Bernard,RB,Den,10,,0,0,0,0,0,0,0,91,337,2,15,51,39,336,1,16,0,0,0,1,1,0,0.0
J. Charles,RB,Cin,3,,0,0,0,0,0,0,0,12,40,1,3,3,2,14,0,1,0,0,0,0,0,0,0.0
M. Thomas,WR, NO,15,,0,0,0,0,0,0,0,0,0,0,0,121,92,1137,9,62,0,0,0,2,2,0,0.0
A. Cooper,WR,Oak,16,,0,0,0,0,0,0,0,1,0,0,0,132,83,1153,5,47,0,0,2,2,0,0,0.0
D. Baldwin,WR,Sea,16,,1,0,15,1,0,0,1,3,2,0,0,125,94,1128,7,52,0,0,0,1,0,0,0.0
D. Sproles,RB,Phi,15,,0,0,0,0,0,0,0,94,438,2,22,71,52,427,2,19,243,0,0,0,0,0,0.0
S. Vereen,RB,NYG,5,,0,0,0,0,0,0,0,33,158,1,8,19,11,94,0,4,0,0,0,2,2,0,0.0
T. Riddick,RB,Det,10,,0,0,0,0,0,0,0,92,357,1,19,67,53,371,5,20,0,0,0,0,0,0,0.0
B. Cooks,QB,Den,16,,0,0,0,0,0,0,0,6,30,0,1,117,78,1173,8,45,2,0,0,1,0,0,0.0
C. Prosise,RB,Sea,6,,0,0,0,0,0,0,0,30,172,1,3,19,17,208,0,8,0,0,0,0,0,0,0.0
T. Pryor Sr.,WR,Was,16,,5,4,41,0,0,1,1,8,21,1,2,140,77,1007,4,48,0,0,1,1,0,0,0.0
T. Lockett,WR,Ind,15,,0,0,0,0,0,0,0,6,114,1,4,66,41,597,1,22,849,0,0,0,0,0,0.0
C. Thompson,WR,Sea,16,,0,0,0,0,0,0,0,68,356,3,16,62,49,349,2,18,360,0,0,2,1,0,0.0
R. Gronkowski,RB,Was,8,,0,0,0,0,0,0,0,0,0,0,0,38,25,540,3,19,0,0,0,0,0,0,0.0
R. Turbin,TE, NE,15,,0,0,0,0,0,0,0,47,164,7,20,35,26,179,1,9,0,0,0,0,0,0,0.0
J. Graham,WR, NE,16,,0,0,0,0,0,0,0,1,0,0,0,95,65,923,6,45,0,0,0,2,2,0,0.0
C. Sims,RB,Dal,7,,0,0,0,0,0,0,0,51,149,1,6,32,24,190,1,9,0,0,0,1,1,0,0.0
D. Thomas,RB,Ind,16,,0,0,0,0,0,0,0,0,0,0,0,144,90,1083,5,50,0,0,1,2,2,0,0.0
G. Tate,TE,Sea,16,,0,0,0,0,0,0,0,10,4,0,1,135,91,1077,4,46,0,0,1,2,1,0,0.0
A. Jeffery,RB, TB,12,,0,0,0,0,0,0,0,0,0,0,0,94,52,821,2,41,0,0,0,0,0,0,0.0
D. Jackson,WR,Den,15,,0,0,0,0,0,0,0,0,0,0,0,100,56,1005,4,35,0,0,0,0,0,0,0.0
J. Edelman,WR,Det,16,,0,0,0,0,0,0,0,12,57,0,3,159,98,1106,3,55,179,0,0,2,2,0,0.0
M. Bryant,WR,Phi,-,,-,-,-,-,-,-,-,-,-,-,-,-,-,-,-,-,-,-,-,-,-,0,-
D. Washington,WR, TB,14,,0,0,0,0,0,0,0,87,467,2,19,23,17,115,0,4,20,0,0,1,1,0,0.0
J. McCown,WR,Pit,5,,90,75,1100,6,6,18,56,7,21,0,0,0,0,0,0,0,0,0,1,7,4,0,0.0
J. Landry,RB,Oak,16,,0,1,0,0,0,0,0,5,17,0,1,131,94,1136,4,52,163,0,1,1,2,0,0.0
D. Booker,QB,NYJ,16,,0,0,0,0,0,0,0,174,612,4,30,45,31,265,1,8,0,0,0,4,3,0,0.0
A. Robinson,WR,Mia,16,,0,0,0,0,0,0,0,0,0,0,0,151,73,883,6,51,0,0,1,1,0,0,0.0
J. White,RB,Buf,16,,0,0,0,0,0,0,0,39,166,0,8,86,60,551,5,26,28,0,0,0,0,0,0.0
M. Mack,RB,Hou,-,,-,-,-,-,-,-,-,-,-,-,-,-,-,-,-,-,-,-,-,-,-,0,-
D. Hopkins,WR,Jax,16,,0,0,0,0,0,0,0,0,0,0,0,151,78,954,4,56,0,0,0,0,0,0,0.0
M. Crabtree,RB, NE,16,,0,0,0,0,0,0,0,0,0,0,0,145,89,1003,8,56,0,0,1,2,0,0,0.0
D. McFadden,RB,Ind,3,,0,0,0,0,0,0,0,24,87,0,5,5,3,17,0,1,30,0,0,0,0,0,0.0
K. Benjamin,WR,Hou,16,,0,0,0,0,0,0,0,0,0,0,0,118,63,941,7,50,0,0,0,1,1,0,0.0
D. Foreman,WR,Oak,-,,-,-,-,-,-,-,-,-,-,-,-,-,-,-,-,-,-,-,-,-,-,0,-
M. Wallace,RB,Dal,16,,0,0,0,0,0,0,0,5,31,0,2,117,72,1017,4,43,0,0,1,1,0,0,0.0
E. Sanders,WR,Car,16,,0,0,0,0,0,0,0,1,4,0,0,137,79,1032,5,50,0,0,0,1,0,0,0.0
J. Reed,WR,Bal,12,,0,0,0,0,0,0,0,0,0,0,0,89,66,686,6,41,0,0,0,1,1,0,0.0
G. Olsen,WR,Den,16,,0,0,0,0,0,0,0,0,0,0,0,129,80,1073,3,54,0,0,1,0,0,0,0.0
J. Crowder,TE,Was,16,,0,0,0,0,0,0,0,2,-2,0,1,99,67,847,7,34,328,1,0,2,1,0,0.0
D. Adams,TE,Car,16,,0,0,0,0,0,0,0,0,0,0,0,121,75,997,12,45,0,0,0,2,1,0,0.0
T. Gabriel,WR,LAC,13,,0,0,0,0,0,0,0,4,51,1,3,50,35,579,6,21,0,0,0,0,0,0,0.0
T. Ginn Jr.,WR,NYJ,16,,0,0,0,0,0,0,0,14,98,0,4,95,54,752,4,27,593,0,0,0,2,0,0.0
T. Rawls,WR,Was,9,,0,0,0,0,0,0,0,109,349,3,21,17,13,96,0,4,0,0,0,0,0,0,0.0
R. Burkhead,RB, SF,16,,0,0,0,0,0,0,0,74,344,2,23,20,17,145,0,8,114,0,0,1,1,0,0.0
J. McKinnon,WR, GB,15,,0,1,0,0,0,0,0,159,539,2,21,53,43,255,2,16,0,0,1,0,0,0,0.0
R. Cobb,WR, NO,13,,0,0,0,0,0,0,0,10,33,0,4,84,60,610,4,36,54,0,0,0,0,0,0.0
J. Williams,WR,Atl,-,,-,-,-,-,-,-,-,-,-,-,-,-,-,-,-,-,-,-,-,-,-,0,-
T. Williams,QB, TB,16,,0,0,0,0,0,0,0,0,0,0,0,119,69,1059,7,48,0,0,0,0,0,0,0.0
D. Moncrief,WR,NYG,9,,0,0,0,0,0,0,0,1,-1,0,0,56,30,307,7,22,0,0,0,0,0,0,0.0
J. Matthews,WR,Ind,14,,0,0,0,0,0,0,0,0,0,0,0,117,73,804,3,38,0,0,0,1,0,0,0.0
S. Diggs,RB,Min,13,,0,0,0,0,0,0,0,3,10,0,1,112,84,903,3,47,45,0,0,0,0,0,0.0
W. Snead,WR, GB,15,,1,0,50,1,0,0,1,0,0,0,0,104,72,895,4,51,0,0,0,2,0,0,0.0
T. Kelce,WR,LAC,16,,0,0,0,0,0,0,0,1,-5,0,0,117,85,1125,4,55,0,0,1,0,0,0,0.0
J. Brown,RB, KC,15,,0,0,0,0,0,0,0,1,10,0,1,72,39,517,2,28,170,0,0,0,0,0,0.0
R. Matthews,WR,Buf,16,,0,0,0,0,0,0,0,0,0,0,0,108,65,945,9,43,0,0,0,1,1,0,0.0
D. Parker,WR,Min,15,,0,0,0,0,0,0,0,0,0,0,0,88,56,744,4,34,0,0,0,0,0,0,0.0
S. Watkins,WR, NO,8,,0,0,0,0,0,0,0,0,0,0,0,52,28,430,2,20,0,0,0,0,0,0,0.0
A. Thielen,WR,Mia,16,,0,0,0,0,0,0,0,2,15,0,1,92,69,967,5,44,27,0,0,1,1,0,0.0
M. Bennett,TE, KC,16,,0,0,0,0,0,0,0,2,10,0,0,73,55,701,7,31,0,0,0,0,0,0,0.0
K. Britt,WR,LAR,15,,0,0,0,0,0,0,0,0,0,0,0,111,68,1002,5,47,0,0,0,2,1,0,0.0
B. Perriman,WR,Ari,16,,0,0,0,0,0,0,0,1,2,0,0,66,33,499,3,19,0,0,0,0,0,0,0.0
P. Lynch,RB,Den,3,,49,34,497,2,1,9,25,11,25,0,1,0,0,0,0,0,0,0,0,2,0,0,0.0
C. Meredith,WR,Ten,14,,1,0,2,1,0,0,1,1,6,0,0,97,66,888,4,44,0,0,0,3,2,0,0.0
L. Fitzgerald,WR,Chi,16,,0,1,0,0,0,0,0,2,5,0,0,150,107,1023,6,59,0,0,0,2,1,0,0.0
M. Jones Jr.,RB,Mia,15,,0,0,0,0,0,0,0,1,3,0,0,103,55,930,4,41,0,0,0,0,0,0,0.0
B. Marshall,WR,Min,15,,0,0,0,0,0,0,0,0,0,0,0,128,59,788,3,43,0,0,0,0,0,0,0.0
D. Lewis,TE, GB,7,,0,0,0,0,0,0,0,64,283,0,14,24,17,94,0,4,35,0,0,1,0,0,0.0
R. Woods,WR,Ari,13,,0,0,0,0,0,0,0,1,6,0,1,76,51,613,1,32,0,0,0,0,0,0,0.0
W. Fuller V,WR,Cle,14,,0,0,0,0,0,0,0,1,-3,0,0,92,47,635,2,31,196,1,0,0,0,0,0.0
K. Rudolph,WR,Bal,16,,0,0,0,0,0,0,0,0,0,0,0,132,83,840,7,50,0,0,0,0,0,0,0.0
K. Allen,WR,Det,1,,0,0,0,0,0,0,0,0,0,0,0,7,6,63,0,5,0,0,0,0,0,0,0.0
C. Samuel,RB, NE,-,,-,-,-,-,-,-,-,-,-,-,-,-,-,-,-,-,-,-,-,-,-,0,-
M. Lee,WR,LAR,16,,1,0,20,1,0,0,1,6,35,0,2,105,63,851,3,44,548,1,0,0,1,0,0.0
E. Decker,RB, NE,3,,0,0,0,0,0,0,0,0,0,0,0,21,9,194,2,9,0,0,0,0,0,0,0.0
C. Coleman,WR, SF,10,,0,0,0,0,0,0,0,2,10,0,0,73,33,413,3,17,0,0,0,0,0,0,0.0
S. Shepard,TE,Min,16,,0,0,0,0,0,0,0,3,31,0,1,105,65,683,8,42,0,0,0,0,0,0,0.0
D. Woodhead,RB,Bal,2,,0,0,0,0,0,0,0,19,116,0,6,8,6,35,1,2,0,0,0,0,0,0,0.0
H. Henry,WR,Car,15,,0,0,0,0,0,0,0,0,0,0,0,53,36,478,8,30,10,0,0,1,1,0,0.0
K. Stills,RB,Pit,16,,0,0,0,0,0,0,0,0,0,0,0,81,42,726,9,30,0,0,0,0,0,0,0.0
P. Garcon,WR,Jax,16,,0,0,0,0,0,0,0,0,0,0,0,114,79,1041,3,52,0,0,0,0,0,0,0.0
C. Patterson,WR,Phi,16,,0,0,0,0,0,0,0,7,43,0,2,70,52,453,2,23,801,1,0,0,0,0,0.0
T. Eifert,RB,Phi,8,,0,0,0,0,0,0,0,0,0,0,0,47,29,394,5,23,0,0,0,0,0,0,0.0
J. Kerley,WR,Ten,16,,0,0,0,0,0,0,0,0,0,0,0,115,64,667,3,33,190,0,0,1,1,0,0.0
D. Walker,WR,Cle,15,,0,0,0,0,0,0,0,2,11,0,1,102,65,800,7,35,0,0,0,1,0,0,0.0
C. Beasley,WR,NYG,16,,0,1,0,0,0,0,0,1,7,0,0,98,75,833,5,51,3,0,0,0,0,0,0.0
J. Doctson,TE,LAC,2,,0,0,0,0,0,0,0,0,0,0,0,6,2,66,0,1,0,0,0,0,0,0,0.0
T. Hightower,WR,Mia,16,,0,0,0,0,0,0,0,133,548,4,32,26,22,200,1,11,61,0,0,0,0,0,0.0
J. Rodgers,WR,LAC,10,,0,0,0,0,0,0,0,129,560,2,29,16,13,98,0,3,0,0,0,0,0,0,0.0
K. White,WR,Oak,4,,0,0,0,0,0,0,0,1,9,0,0,36,19,187,0,8,0,0,0,0,0,0,0.0
J. Thomas,TE,Cin,9,,0,0,0,0,0,0,0,0,0,0,0,51,30,281,4,15,0,0,0,0,0,0,0.0
Z. Ertz,RB,Jax,14,,0,0,0,0,0,0,0,0,0,0,0,106,78,816,4,42,8,0,0,0,0,0,0.0
C. Davis,RB,LAR,-,,-,-,-,-,-,-,-,-,-,-,-,-,-,-,-,-,-,-,-,-,-,0,-
B. LaFell,WR, SF,16,,0,0,0,0,0,0,0,1,-2,0,0,107,64,862,6,42,0,0,0,0,0,0,0.0
J. Nelson,TE,Ten,15,,0,0,0,0,0,0,0,4,83,1,3,74,34,568,6,26,53,0,0,1,1,0,0.0
C. West,WR,Dal,15,,0,0,0,0,0,0,0,88,293,1,14,34,28,188,2,10,0,0,0,0,0,0,0.0
A. Kamara,WR,LAR,-,,-,-,-,-,-,-,-,-,-,-,-,-,-,-,-,-,-,-,-,-,-,0,-
J. Maclin,RB,Chi,12,,0,1,0,0,0,0,0,1,-1,0,0,76,44,536,2,29,0,0,0,0,0,0,0.0
T. Smith,WR,Was,12,,0,0,0,0,0,0,0,0,0,0,0,49,20,267,3,14,13,0,0,0,0,0,0.0
J. Doyle,RB, GB,16,,0,0,0,0,0,0,0,0,0,0,0,75,59,584,5,32,0,0,0,1,1,0,0.0
A. Hurns,WR, SF,11,,0,0,0,0,0,0,0,0,0,0,0,76,35,477,3,23,0,0,0,1,0,0,0.0
C. Ivory,RB, SF,11,,0,0,0,0,0,0,0,117,439,3,21,28,20,186,0,9,0,0,0,5,3,0,0.0
M. Williams,RB, TB,-,,-,-,-,-,-,-,-,-,-,-,-,-,-,-,-,-,-,-,-,-,-,0,-
Z. Jones,TE,Det,-,,-,-,-,-,-,-,-,-,-,-,-,-,-,-,-,-,-,-,-,-,-,0,-
M. Jones,TE,Mia,7,,0,0,0,0,0,0,0,99,460,3,28,8,8,73,0,4,0,0,0,3,2,0,0.0
T. Williams,TE,Phi,16,,0,0,0,0,0,0,0,0,0,0,0,61,44,594,4,34,0,0,0,1,1,0,0.0
Z. Zenner,WR,Ten,14,,0,0,0,0,0,0,0,88,334,4,22,23,18,196,0,9,0,0,0,1,1,0,0.0
D. Allen,WR,Cin,14,,0,0,0,0,0,0,0,0,0,0,0,52,35,406,6,25,0,0,1,1,0,0,0.0
P. Dorsett,WR, NE,15,,0,0,0,0,0,0,0,2,10,0,0,59,33,528,2,20,0,0,0,1,0,0,0.0
T. Boyd,WR,Ari,16,,0,0,0,0,0,0,0,4,58,0,2,81,54,603,1,33,0,0,0,1,1,0,0.0
M. Asiata,RB, NO,16,,0,0,0,0,0,0,0,121,402,6,27,38,32,263,0,9,11,0,0,1,1,0,0.0
M. Wheaton,WR,Bal,3,,0,0,0,0,0,0,0,0,0,0,0,9,4,51,1,2,0,0,1,0,0,0,0.0
O. Howard,TE, NO,-,,-,-,-,-,-,-,-,-,-,-,-,-,-,-,-,-,-,-,-,-,-,0,-
J. Ross,WR,Jax,-,,-,-,-,-,-,-,-,-,-,-,-,-,-,-,-,-,-,-,-,-,-,0,-
C. Fleener,TE,Ind,16,,0,0,0,0,0,0,0,1,2,1,1,82,50,631,3,28,0,0,0,2,0,0,0.0
J. Langford,WR,Chi,12,,0,0,0,0,0,0,0,62,200,4,12,27,19,142,0,7,0,0,0,2,2,0,0.0
C. Brate,RB,Jax,15,,0,0,0,0,0,0,0,0,0,0,0,81,57,660,8,40,0,0,0,1,0,0,0.0
K. Dixon,WR,Hou,12,,0,0,0,0,0,0,0,88,382,2,26,41,30,162,1,7,0,0,0,1,0,0,0.0
C. Fiedorowicz,WR,Buf,15,,0,0,0,0,0,0,0,0,0,0,0,89,54,559,4,30,0,0,0,1,0,0,0.0
M. Sanu,RB,LAC,15,,0,0,0,0,0,0,0,1,5,0,0,81,59,653,4,33,0,0,1,1,1,0,0.0
D. Funchess,WR,Dal,15,,0,0,0,0,0,0,0,0,0,0,0,58,23,371,4,20,0,0,1,0,0,0,0.0
S. Draughn,RB,Det,16,,0,0,0,0,0,0,0,74,196,4,15,39,29,263,2,10,0,0,0,1,1,0,0.0
R. Anderson,WR, NE,16,,0,0,0,0,0,0,0,3,42,0,2,78,42,587,2,18,0,0,0,1,1,0,0.0
E. Ebron,WR, NE,13,,0,0,0,0,0,0,0,1,1,1,1,85,61,711,1,37,0,0,0,0,0,0,0.0
D. Inman,TE, NE,16,,0,0,0,0,0,0,0,0,0,0,0,97,58,810,4,37,0,0,0,0,0,0,0.0
T. Yeldon,WR,Ind,15,,0,0,0,0,0,0,0,130,465,1,21,68,50,312,1,16,0,0,0,2,1,0,0.0
J. James,WR,Cin,16,,0,0,0,0,0,0,0,0,0,0,0,60,39,338,3,20,0,0,0,0,0,0,0.0
K. Aiken,TE,Pit,16,,0,0,0,0,0,0,0,0,0,0,0,50,29,328,1,18,0,0,0,0,0,0,0.0
J. Cook,TE, TB,10,,0,0,0,0,0,0,0,0,0,0,0,51,30,377,1,19,0,0,0,1,1,0,0.0
C. Conley,WR,Cin,16,,0,0,0,0,0,0,0,0,0,0,0,69,44,530,0,30,0,0,0,1,0,0,0.0
T. Sharpe,WR,Det,16,,0,0,0,0,0,0,0,1,1,0,0,83,41,522,2,27,0,0,0,0,0,0,0.0
D. Njoku,RB,Chi,-,,-,-,-,-,-,-,-,-,-,-,-,-,-,-,-,-,-,-,-,-,-,0,-
M. Mitchell,TE, TB,14,,0,0,0,0,0,0,0,0,0,0,0,48,32,401,4,23,0,0,0,0,0,0,0.0
J. McNichols,WR, TB,-,,-,-,-,-,-,-,-,-,-,-,-,-,-,-,-,-,-,-,-,-,-,0,-
S. Roberts,RB,Ind,16,,0,0,0,0,0,0,0,0,0,0,0,77,38,397,5,22,0,0,2,0,0,0,0.0
E. Engram,WR,Car,-,,-,-,-,-,-,-,-,-,-,-,-,-,-,-,-,-,-,-,-,-,-,0,-
J. Witten,RB,Pit,16,,0,0,0,0,0,0,0,0,0,0,0,95,69,673,3,33,0,0,0,1,1,0,0.0
A. Gates,RB,Bal,14,,0,0,0,0,0,0,0,0,0,0,0,93,53,548,7,34,0,0,0,1,1,0,0.0
V. Davis,TE,Hou,16,,0,0,0,0,0,0,0,0,0,0,0,59,44,583,2,22,0,0,0,0,0,0,0.0
Q. Enunwa,WR,Atl,16,,0,0,0,0,0,0,0,1,12,0,1,105,58,857,4,37,54,0,0,0,0,0,0.0
R. Tannehill,RB,Det,13,,261,128,2995,19,12,29,132,39,164,1,10,0,0,0,0,0,0,0,1,9,3,0,0.0
A. Hooper,WR,Phi,14,,0,0,0,0,0,0,0,0,0,0,0,27,19,271,3,16,0,0,0,0,0,0,0.0
Z. Miller,TE,LAC,10,,0,0,0,0,0,0,0,0,0,0,0,64,47,486,4,28,0,0,0,0,0,0,0.0
C. Hogan,WR,Buf,15,,0,0,0,0,0,0,0,3,9,0,0,58,38,680,4,23,0,0,0,1,1,0,0.0
R. Mathews,RB,NYG,13,,0,0,0,0,0,0,0,155,661,8,38,14,13,115,1,7,0,0,2,3,2,0,0.0
C. Kupp,RB,Jax,-,,-,-,-,-,-,-,-,-,-,-,-,-,-,-,-,-,-,-,-,-,-,0,-
C. Clay,TE,Atl,15,,0,0,0,0,0,0,0,0,0,0,0,87,57,552,4,22,0,0,0,0,0,0,0.0
T. Benjamin,RB, KC,14,,0,1,0,0,0,0,0,2,-3,0,0,75,47,677,4,26,59,0,0,3,3,0,0.0
A. Boldin,WR,LAC,16,,0,0,0,0,0,0,0,0,0,0,0,95,67,584,8,41,0,0,0,0,0,0,0.0
M. Floyd,RB, SF,15,,0,0,0,0,0,0,0,0,0,0,0,76,37,488,5,31,0,0,0,0,0,0,0.0
E. Rogers,RB,Den,13,,0,0,0,0,0,0,0,1,6,0,0,66,48,594,3,24,45,0,0,0,0,0,0.0
A. Derby,WR,Min,6,,0,0,0,0,0,0,0,0,0,0,0,20,16,160,0,7,0,0,0,1,1,0,0.0
A. Seferian-Jenkins,WR,LAR,9,,0,0,0,0,0,0,0,0,0,0,0,20,13,154,1,9,0,0,0,0,0,0,0.0
P. Richardson,RB,LAC,15,,0,0,0,0,0,0,0,1,5,0,1,36,21,288,1,17,105,0,0,0,0,0,0.0
A. Wilson,WR,Ind,16,,0,0,0,0,0,0,0,2,50,1,1,51,31,279,2,11,13,0,0,0,0,0,0.0
T. Higbee,TE,Oak,16,,0,0,0,0,0,0,0,0,0,0,0,29,11,85,1,3,0,0,0,0,0,0,0.0
K. Wright,WR, KC,11,,0,0,0,0,0,0,0,1,15,0,1,43,29,416,3,18,32,0,0,0,0,0,0.0
J. Gordon,WR,Ten,-,,-,-,-,-,-,-,-,-,-,-,-,-,-,-,-,-,-,-,-,-,-,0,-
K. Golladay,TE,Cle,-,,-,-,-,-,-,-,-,-,-,-,-,-,-,-,-,-,-,-,-,-,-,0,-
L. Kendricks,RB, TB,16,,0,0,0,0,0,0,0,0,0,0,0,87,50,499,2,22,0,0,0,1,1,0,0.0
D. Williams,WR,Oak,9,,0,0,0,0,0,0,0,98,343,4,20,27,18,118,2,6,0,0,0,0,0,0,0.0
C. Kaepernick,TE,Dal,12,,196,135,2241,16,4,36,101,69,468,2,28,0,0,0,0,0,0,0,1,9,3,0,0.0
R. Jennings,RB,Phi,13,,0,0,0,0,0,0,0,181,593,3,29,42,35,201,1,8,0,0,0,1,0,0,0.0
L. Green,TE,Was,6,,0,0,0,0,0,0,0,0,0,0,0,34,18,304,1,12,0,0,0,0,0,0,0.0
V. McDonald,TE,LAR,11,,0,0,0,0,0,0,0,0,0,0,0,45,24,391,4,13,0,0,0,0,0,0,0.0
G. Barnidge,TE,Buf,16,,0,0,0,0,0,0,0,0,0,0,0,82,55,612,2,34,0,0,1,0,0,0,0.0
J. Tamme,RB,Car,8,,0,0,0,0,0,0,0,0,0,0,0,31,22,210,3,13,0,0,0,0,0,0,0.0
C. Michael,RB,Chi,15,,0,0,0,0,0,0,0,148,583,7,32,29,22,107,1,4,64,0,0,2,1,0,0.0
D. Pitta,WR,LAC,16,,0,0,0,0,0,0,0,0,0,0,0,121,86,729,2,37,0,0,0,1,1,0,0.0
E. Royal,RB,Car,9,,0,0,0,0,0,0,0,0,0,0,0,43,33,369,2,16,166,1,0,1,0,0,0.0
G. Celek,TE, SF,16,,0,0,0,0,0,0,0,0,0,0,0,50,29,350,3,20,0,0,0,2,1,0,0.0
C. Walford,WR,Sea,15,,0,0,0,0,0,0,0,0,0,0,0,52,33,359,3,19,0,0,0,0,0,0,0.0
R. Griffin,WR,Was,16,,0,0,0,0,0,0,0,0,0,0,0,74,50,442,2,19,0,0,0,1,1,0,0.0
A. Humphries,TE,NYG,15,,0,0,0,0,0,0,0,5,18,0,0,83,55,622,2,27,284,0,1,0,0,0,0.0
J. Forsett,TE,Chi,9,,0,0,0,0,0,0,0,87,291,1,10,27,20,85,0,4,0,0,0,2,1,0,0.0
D. Heyward-Bey,RB,Ari,10,,0,0,0,0,0,0,0,1,60,1,1,19,6,114,2,4,0,0,0,0,0,0,0.0
C. Gillmore,TE,Ari,7,,0,0,0,0,0,0,0,0,0,0,0,14,8,71,1,5,0,0,0,0,0,0,0.0
B. Gabbert,RB,Phi,6,,91,69,925,5,6,11,51,40,173,2,15,1,1,-16,0,0,0,0,0,0,0,0,0.0
R. Rodgers,RB,Mia,16,,0,0,0,0,0,0,0,0,0,0,0,47,30,271,2,14,0,0,0,0,0,0,0.0
D. Sims,WR,Chi,14,,0,0,0,0,0,0,0,0,0,0,0,35,26,256,4,14,0,0,0,0,0,0,0.0
C. Uzomah,RB,LAC,10,,0,0,0,0,0,0,0,0,0,0,0,38,25,234,1,14,0,0,0,0,0,0,0.0
W. Tye,WR,Pit,16,,0,0,0,0,0,0,0,0,0,0,0,70,48,395,1,16,0,0,0,0,0,0,0.0
K. Williams,WR,Hou,10,,0,0,0,0,0,0,0,18,157,2,8,2,1,6,0,0,0,0,0,0,0,0,0.0
J. Starks,WR, TB,9,,0,0,0,0,0,0,0,63,145,0,9,25,19,134,2,4,0,0,0,1,0,0,0.0
D. Amendola,TE,Oak,12,,0,0,0,0,0,0,0,0,0,0,0,29,23,243,4,14,250,0,0,1,1,0,0.0
B. Watson,WR,NYJ,-,,-,-,-,-,-,-,-,-,-,-,-,-,-,-,-,-,-,-,-,-,-,0,-
V. Jackson,RB,Cle,5,,0,0,0,0,0,0,0,0,0,0,0,32,15,173,0,8,0,0,0,0,0,0,0.0
G. Allison,WR,Chi,10,,0,0,0,0,0,0,0,0,0,0,0,22,12,202,2,11,0,0,0,0,0,0,0.0
J. Gresham,WR,Bal,16,,0,0,0,0,0,0,0,0,0,0,0,61,37,391,2,19,0,0,0,1,0,0,0.0
J. Hunter,WR,Pit,12,,0,0,0,0,0,0,0,0,0,0,0,24,10,189,4,10,0,0,0,0,0,0,0.0
V. Cruz,QB,Hou,15,,0,0,0,0,0,0,0,0,0,0,0,72,39,586,1,25,0,0,0,1,1,0,0.0
C. Johnson,TE, GB,4,,0,0,0,0,0,0,0,25,95,1,5,1,0,0,0,0,0,0,0,0,0,0,0.0
S. DeValve,TE,LAR,12,,0,0,0,0,0,0,0,0,0,0,0,12,10,127,2,7,13,0,0,0,0,0,0.0
D. Green-Beckham,WR,Dal,15,,0,0,0,0,0,0,0,0,0,0,0,74,36,392,2,25,0,0,0,0,0,0,0.0
J. Kearse,TE,Chi,16,,0,0,0,0,0,0,0,0,0,0,0,89,41,510,1,24,0,0,0,0,0,0,0.0
S. Coates,WR,Buf,14,,0,0,0,0,0,0,0,4,14,0,1,49,21,435,2,16,150,0,0,0,0,0,0.0
M. Goodwin,WR,Phi,15,,0,0,0,0,0,0,0,0,0,0,0,68,29,431,3,20,0,0,0,0,0,0,0.0
D. Fells,RB,LAR,14,,0,0,0,0,0,0,0,0,0,0,0,18,14,154,1,7,0,0,0,0,0,0,0.0
D. Brown,WR,NYJ,6,,0,0,0,0,0,0,0,0,0,0,0,20,16,124,1,8,0,0,0,0,0,0,0.0
E. Swoope,WR,Ten,16,,0,0,0,0,0,0,0,0,0,0,0,22,15,297,1,12,0,0,0,0,0,0,0.0
X. Grimble,RB, NO,13,,0,0,0,0,0,0,0,0,0,0,0,21,11,118,2,8,0,0,0,0,0,0,0.0
V. Green,WR, GB,12,,0,0,0,0,0,0,0,0,0,0,0,37,22,237,1,13,0,0,0,0,0,0,0.0
B. Quick,TE,Den,16,,0,0,0,0,0,0,0,0,0,0,0,77,41,564,3,22,0,0,0,0,0,0,0.0
M. Moore,RB,Was,4,,55,32,721,8,3,1,35,1,-1,0,0,0,0,0,0,0,0,0,0,1,0,0,0.0
L. Donnell,TE,NYG,14,,0,0,0,0,0,0,0,0,0,0,0,22,15,92,1,3,0,0,0,1,1,0,0.0
M. Rivera,RB,Sea,13,,0,0,0,0,0,0,0,0,0,0,0,25,18,192,1,11,0,0,0,0,0,0,0.0
L. Toilolo,TE,Bal,16,,0,0,0,0,0,0,0,0,0,0,0,19,13,264,2,11,0,0,0,0,0,0,0.0
J. Hill,RB,NYG,9,,0,0,0,0,0,0,0,0,0,0,0,22,15,149,1,6,0,0,0,0,0,0,0.0
R. Randle,RB,Pit,-,,-,-,-,-,-,-,-,-,-,-,-,-,-,-,-,-,-,-,-,-,-,0,-
L. Willson,RB,NYJ,11,,0,0,0,0,0,0,0,0,0,0,0,21,15,129,2,7,0,0,0,0,0,0,0.0
J. Brown,TE,Jax,7,,0,0,0,0,0,0,0,0,0,0,0,23,11,187,1,6,0,0,0,0,0,0,0.0
B. Osweiler,WR,Car,15,,301,209,2957,15,16,27,153,30,131,2,13,1,1,-14,0,0,0,0,0,5,1,0,0.0
S. Johnson,WR,Cle,-,,-,-,-,-,-,-,-,-,-,-,-,-,-,-,-,-,-,-,-,-,-,0,-
T. Burton,TE, NO,15,,0,0,0,0,0,0,0,0,0,0,0,60,37,327,1,20,0,0,0,0,0,0,0.0
J. Heuerman,RB,Sea,12,,0,0,0,0,0,0,0,0,0,0,0,17,9,141,0,7,0,0,0,0,0,0,0.0
A. Fasano,WR,Atl,16,,0,0,0,0,0,0,0,0,0,0,0,14,8,83,2,6,0,0,0,0,0,0,0.0
B. Celek,RB,Hou,16,,0,0,0,0,0,0,0,0,0,0,0,19,14,155,0,8,0,0,0,1,0,0,0.0
